{"$type":"System.Collections.Generic.List`1[[Sitecore.Commerce.Plugin.Catalog.Catalog, Sitecore.Commerce.Plugin.Catalog]], mscorlib","$values":[{"$type":"Sitecore.Commerce.Plugin.Catalog.Catalog, Sitecore.Commerce.Plugin.Catalog","PriceBookName":"Habitat_PriceBook","PromotionBookName":"Habitat_PromotionBook","DefaultInventorySetName":"Habitat_Inventory","SitecoreId":"59ddadc1-9b88-727e-9e14-3f6cf321ae0f","ChildrenCategoryList":"b893c063-6238-ed57-700d-72862c56038d|c1114488-2d5f-39c7-5e16-42f64d5f2d4a|871c3b62-ce96-ad61-dabe-10db020f02c5","IsBundle":false,"Components":{"$type":"System.Collections.Generic.List`1[[Sitecore.Commerce.Core.Component, Sitecore.Commerce.Core]], mscorlib","$values":[{"$type":"Sitecore.Commerce.Plugin.Catalog.ItemDefinitionsComponent, Sitecore.Commerce.Plugin.Catalog","Definitions":{"$type":"System.Collections.Generic.List`1[[System.String, mscorlib]], mscorlib","$values":["Amplifier","Camera","Desktop","DigitalScale","Dryer","ElectricShaver","ElectricToothBrush","eReader","FitnessTracker","GameConsole","GameConsoleAccessory","GiftCard","GiftCardV2","GiftWrap","Headphones","HomeTheater","Installation","ItemBundle","Laptop","Microwave","Phone","PhoneAccessory","Product","Range","Refrigerator","SecurityCamera","SmallAppliance","Speakers","Subscription","Tablet","Television","Thermostat","Warranty","Washer"]},"Id":"8fc312b0e77e4c78ab363be084869015"},{"$type":"Sitecore.Commerce.Plugin.ManagedLists.ListMembershipsComponent, Sitecore.Commerce.Plugin.ManagedLists","Memberships":{"$type":"System.Collections.Generic.List`1[[System.String, mscorlib]], mscorlib","$values":["Catalogs"]},"Id":"78b0b80483aa41b2afa5e343f110e98a"},{"$type":"Sitecore.Commerce.Plugin.Workflow.WorkflowComponent, Sitecore.Commerce.Plugin.Workflow","Workflow":{"$type":"Sitecore.Commerce.Core.EntityReference, Sitecore.Commerce.Core","Name":"DefaultCommerceWorkflow","EntityTarget":"Entity-Workflow-DefaultCommerceWorkflow","EntityTargetUniqueId":"a8407ecd-7d10-0f9d-87db-0aee97770eb1"},"CurrentState":"Approved","Id":"3d0ef0184fd54231bd8a2a0626bf3746"}]},"DateCreated":"2019-05-16T14:09:35.5908708+00:00","DateUpdated":"2020-02-14T06:37:57.123055+00:00","DisplayName":"Habitat_Master","FriendlyId":"Habitat_Master","Id":"Entity-Catalog-Habitat_Master","Version":5,"EntityVersion":1,"Published":true,"IsPersisted":true,"Name":"Habitat_Master","UniqueId":"d007ae4e-8eee-ab92-a03d-1d97760ec1c7"}]}