{"$type":"System.Collections.Generic.List`1[[Sitecore.Commerce.Plugin.Catalog.ImportRelationshipsArgument, Sitecore.Commerce.Plugin.Catalog]], mscorlib","$values":[{"$type":"Sitecore.Commerce.Plugin.Catalog.ImportRelationshipsArgument, Sitecore.Commerce.Plugin.Catalog","SourceId":"Entity-SellableItem-7042116","SourceEntityVersion":1,"TargetIds":{"$type":"System.Collections.Generic.List`1[[System.String, mscorlib]], mscorlib","$values":["Entity-SellableItem-6042064","Entity-SellableItem-6042183","Entity-SellableItem-6042283","Entity-SellableItem-6042325","Entity-SellableItem-6042402","Entity-SellableItem-6042430","Entity-SellableItem-6042886","Entity-SellableItem-6042962","Entity-SellableItem-6042963","Entity-SellableItem-6042986","Entity-SellableItem-7042082"]},"RelationshipType":"RELATEDSELLABLEITEMTOSELLABLEITEM"},{"$type":"Sitecore.Commerce.Plugin.Catalog.ImportRelationshipsArgument, Sitecore.Commerce.Plugin.Catalog","SourceId":"Entity-SellableItem-7042117","SourceEntityVersion":1,"TargetIds":{"$type":"System.Collections.Generic.List`1[[System.String, mscorlib]], mscorlib","$values":["Entity-SellableItem-6042064","Entity-SellableItem-6042183","Entity-SellableItem-6042283","Entity-SellableItem-6042325","Entity-SellableItem-6042402","Entity-SellableItem-6042430","Entity-SellableItem-6042886","Entity-SellableItem-6042962","Entity-SellableItem-6042963","Entity-SellableItem-6042986","Entity-SellableItem-7042082"]},"RelationshipType":"RELATEDSELLABLEITEMTOSELLABLEITEM"},{"$type":"Sitecore.Commerce.Plugin.Catalog.ImportRelationshipsArgument, Sitecore.Commerce.Plugin.Catalog","SourceId":"Entity-SellableItem-7042118","SourceEntityVersion":1,"TargetIds":{"$type":"System.Collections.Generic.List`1[[System.String, mscorlib]], mscorlib","$values":["Entity-SellableItem-6042064","Entity-SellableItem-6042183","Entity-SellableItem-6042283","Entity-SellableItem-6042325","Entity-SellableItem-6042402","Entity-SellableItem-6042430","Entity-SellableItem-6042886","Entity-SellableItem-6042962","Entity-SellableItem-6042963","Entity-SellableItem-6042986","Entity-SellableItem-7042082"]},"RelationshipType":"RELATEDSELLABLEITEMTOSELLABLEITEM"},{"$type":"Sitecore.Commerce.Plugin.Catalog.ImportRelationshipsArgument, Sitecore.Commerce.Plugin.Catalog","SourceId":"Entity-SellableItem-7042119","SourceEntityVersion":1,"TargetIds":{"$type":"System.Collections.Generic.List`1[[System.String, mscorlib]], mscorlib","$values":["Entity-SellableItem-6042064","Entity-SellableItem-6042183","Entity-SellableItem-6042283","Entity-SellableItem-6042325","Entity-SellableItem-6042402","Entity-SellableItem-6042430","Entity-SellableItem-6042886","Entity-SellableItem-6042962","Entity-SellableItem-6042963","Entity-SellableItem-6042986","Entity-SellableItem-7042082"]},"RelationshipType":"RELATEDSELLABLEITEMTOSELLABLEITEM"},{"$type":"Sitecore.Commerce.Plugin.Catalog.ImportRelationshipsArgument, Sitecore.Commerce.Plugin.Catalog","SourceId":"Entity-SellableItem-7042121","SourceEntityVersion":1,"TargetIds":{"$type":"System.Collections.Generic.List`1[[System.String, mscorlib]], mscorlib","$values":["Entity-SellableItem-6042064","Entity-SellableItem-6042183","Entity-SellableItem-6042283","Entity-SellableItem-6042325","Entity-SellableItem-6042402","Entity-SellableItem-6042430","Entity-SellableItem-6042886","Entity-SellableItem-6042962","Entity-SellableItem-6042963","Entity-SellableItem-6042986","Entity-SellableItem-7042082"]},"RelationshipType":"RELATEDSELLABLEITEMTOSELLABLEITEM"},{"$type":"Sitecore.Commerce.Plugin.Catalog.ImportRelationshipsArgument, Sitecore.Commerce.Plugin.Catalog","SourceId":"Entity-SellableItem-7042123","SourceEntityVersion":1,"TargetIds":{"$type":"System.Collections.Generic.List`1[[System.String, mscorlib]], mscorlib","$values":["Entity-SellableItem-6042064","Entity-SellableItem-6042183","Entity-SellableItem-6042283","Entity-SellableItem-6042325","Entity-SellableItem-6042402","Entity-SellableItem-6042430","Entity-SellableItem-6042886","Entity-SellableItem-6042962","Entity-SellableItem-6042963","Entity-SellableItem-6042986","Entity-SellableItem-7042082"]},"RelationshipType":"RELATEDSELLABLEITEMTOSELLABLEITEM"},{"$type":"Sitecore.Commerce.Plugin.Catalog.ImportRelationshipsArgument, Sitecore.Commerce.Plugin.Catalog","SourceId":"Entity-SellableItem-7042124","SourceEntityVersion":1,"TargetIds":{"$type":"System.Collections.Generic.List`1[[System.String, mscorlib]], mscorlib","$values":["Entity-SellableItem-6042064","Entity-SellableItem-6042183","Entity-SellableItem-6042283","Entity-SellableItem-6042325","Entity-SellableItem-6042402","Entity-SellableItem-6042430","Entity-SellableItem-6042886","Entity-SellableItem-6042962","Entity-SellableItem-6042963","Entity-SellableItem-6042986","Entity-SellableItem-7042082"]},"RelationshipType":"RELATEDSELLABLEITEMTOSELLABLEITEM"},{"$type":"Sitecore.Commerce.Plugin.Catalog.ImportRelationshipsArgument, Sitecore.Commerce.Plugin.Catalog","SourceId":"Entity-SellableItem-7042126","SourceEntityVersion":1,"TargetIds":{"$type":"System.Collections.Generic.List`1[[System.String, mscorlib]], mscorlib","$values":["Entity-SellableItem-6042064","Entity-SellableItem-6042183","Entity-SellableItem-6042283","Entity-SellableItem-6042325","Entity-SellableItem-6042402","Entity-SellableItem-6042430","Entity-SellableItem-6042886","Entity-SellableItem-6042962","Entity-SellableItem-6042963","Entity-SellableItem-6042986","Entity-SellableItem-7042082"]},"RelationshipType":"RELATEDSELLABLEITEMTOSELLABLEITEM"},{"$type":"Sitecore.Commerce.Plugin.Catalog.ImportRelationshipsArgument, Sitecore.Commerce.Plugin.Catalog","SourceId":"Entity-SellableItem-7042127","SourceEntityVersion":1,"TargetIds":{"$type":"System.Collections.Generic.List`1[[System.String, mscorlib]], mscorlib","$values":["Entity-SellableItem-6042064","Entity-SellableItem-6042183","Entity-SellableItem-6042283","Entity-SellableItem-6042325","Entity-SellableItem-6042402","Entity-SellableItem-6042430","Entity-SellableItem-6042886","Entity-SellableItem-6042962","Entity-SellableItem-6042963","Entity-SellableItem-6042986","Entity-SellableItem-7042082"]},"RelationshipType":"RELATEDSELLABLEITEMTOSELLABLEITEM"},{"$type":"Sitecore.Commerce.Plugin.Catalog.ImportRelationshipsArgument, Sitecore.Commerce.Plugin.Catalog","SourceId":"Entity-SellableItem-7042128","SourceEntityVersion":1,"TargetIds":{"$type":"System.Collections.Generic.List`1[[System.String, mscorlib]], mscorlib","$values":["Entity-SellableItem-6042064","Entity-SellableItem-6042183","Entity-SellableItem-6042283","Entity-SellableItem-6042325","Entity-SellableItem-6042402","Entity-SellableItem-6042430","Entity-SellableItem-6042886","Entity-SellableItem-6042962","Entity-SellableItem-6042963","Entity-SellableItem-6042986","Entity-SellableItem-7042082"]},"RelationshipType":"RELATEDSELLABLEITEMTOSELLABLEITEM"},{"$type":"Sitecore.Commerce.Plugin.Catalog.ImportRelationshipsArgument, Sitecore.Commerce.Plugin.Catalog","SourceId":"Entity-SellableItem-7042129","SourceEntityVersion":1,"TargetIds":{"$type":"System.Collections.Generic.List`1[[System.String, mscorlib]], mscorlib","$values":["Entity-SellableItem-6042064","Entity-SellableItem-6042183","Entity-SellableItem-6042283","Entity-SellableItem-6042325","Entity-SellableItem-6042402","Entity-SellableItem-6042430","Entity-SellableItem-6042886","Entity-SellableItem-6042962","Entity-SellableItem-6042963","Entity-SellableItem-6042986","Entity-SellableItem-7042082"]},"RelationshipType":"RELATEDSELLABLEITEMTOSELLABLEITEM"},{"$type":"Sitecore.Commerce.Plugin.Catalog.ImportRelationshipsArgument, Sitecore.Commerce.Plugin.Catalog","SourceId":"Entity-SellableItem-7042130","SourceEntityVersion":1,"TargetIds":{"$type":"System.Collections.Generic.List`1[[System.String, mscorlib]], mscorlib","$values":["Entity-SellableItem-6042064","Entity-SellableItem-6042183","Entity-SellableItem-6042283","Entity-SellableItem-6042325","Entity-SellableItem-6042402","Entity-SellableItem-6042430","Entity-SellableItem-6042886","Entity-SellableItem-6042962","Entity-SellableItem-6042963","Entity-SellableItem-6042986","Entity-SellableItem-7042082"]},"RelationshipType":"RELATEDSELLABLEITEMTOSELLABLEITEM"},{"$type":"Sitecore.Commerce.Plugin.Catalog.ImportRelationshipsArgument, Sitecore.Commerce.Plugin.Catalog","SourceId":"Entity-SellableItem-7042131","SourceEntityVersion":1,"TargetIds":{"$type":"System.Collections.Generic.List`1[[System.String, mscorlib]], mscorlib","$values":["Entity-SellableItem-6042064","Entity-SellableItem-6042183","Entity-SellableItem-6042283","Entity-SellableItem-6042325","Entity-SellableItem-6042402","Entity-SellableItem-6042430","Entity-SellableItem-6042886","Entity-SellableItem-6042962","Entity-SellableItem-6042963","Entity-SellableItem-6042986","Entity-SellableItem-7042082"]},"RelationshipType":"RELATEDSELLABLEITEMTOSELLABLEITEM"},{"$type":"Sitecore.Commerce.Plugin.Catalog.ImportRelationshipsArgument, Sitecore.Commerce.Plugin.Catalog","SourceId":"Entity-SellableItem-7042132","SourceEntityVersion":1,"TargetIds":{"$type":"System.Collections.Generic.List`1[[System.String, mscorlib]], mscorlib","$values":["Entity-SellableItem-6042064","Entity-SellableItem-6042183","Entity-SellableItem-6042283","Entity-SellableItem-6042325","Entity-SellableItem-6042402","Entity-SellableItem-6042430","Entity-SellableItem-6042886","Entity-SellableItem-6042962","Entity-SellableItem-6042963","Entity-SellableItem-6042986","Entity-SellableItem-7042082"]},"RelationshipType":"RELATEDSELLABLEITEMTOSELLABLEITEM"},{"$type":"Sitecore.Commerce.Plugin.Catalog.ImportRelationshipsArgument, Sitecore.Commerce.Plugin.Catalog","SourceId":"Entity-SellableItem-7042133","SourceEntityVersion":1,"TargetIds":{"$type":"System.Collections.Generic.List`1[[System.String, mscorlib]], mscorlib","$values":["Entity-SellableItem-6042064","Entity-SellableItem-6042183","Entity-SellableItem-6042283","Entity-SellableItem-6042325","Entity-SellableItem-6042402","Entity-SellableItem-6042430","Entity-SellableItem-6042886","Entity-SellableItem-6042962","Entity-SellableItem-6042963","Entity-SellableItem-6042986","Entity-SellableItem-7042082"]},"RelationshipType":"RELATEDSELLABLEITEMTOSELLABLEITEM"},{"$type":"Sitecore.Commerce.Plugin.Catalog.ImportRelationshipsArgument, Sitecore.Commerce.Plugin.Catalog","SourceId":"Entity-SellableItem-7042134","SourceEntityVersion":1,"TargetIds":{"$type":"System.Collections.Generic.List`1[[System.String, mscorlib]], mscorlib","$values":["Entity-SellableItem-6042064","Entity-SellableItem-6042183","Entity-SellableItem-6042283","Entity-SellableItem-6042325","Entity-SellableItem-6042402","Entity-SellableItem-6042430","Entity-SellableItem-6042886","Entity-SellableItem-6042962","Entity-SellableItem-6042963","Entity-SellableItem-6042986","Entity-SellableItem-7042082"]},"RelationshipType":"RELATEDSELLABLEITEMTOSELLABLEITEM"},{"$type":"Sitecore.Commerce.Plugin.Catalog.ImportRelationshipsArgument, Sitecore.Commerce.Plugin.Catalog","SourceId":"Entity-SellableItem-7042136","SourceEntityVersion":1,"TargetIds":{"$type":"System.Collections.Generic.List`1[[System.String, mscorlib]], mscorlib","$values":["Entity-SellableItem-6042064","Entity-SellableItem-6042183","Entity-SellableItem-6042283","Entity-SellableItem-6042325","Entity-SellableItem-6042402","Entity-SellableItem-6042430","Entity-SellableItem-6042886","Entity-SellableItem-6042962","Entity-SellableItem-6042963","Entity-SellableItem-6042986","Entity-SellableItem-7042082"]},"RelationshipType":"RELATEDSELLABLEITEMTOSELLABLEITEM"},{"$type":"Sitecore.Commerce.Plugin.Catalog.ImportRelationshipsArgument, Sitecore.Commerce.Plugin.Catalog","SourceId":"Entity-SellableItem-7042137","SourceEntityVersion":1,"TargetIds":{"$type":"System.Collections.Generic.List`1[[System.String, mscorlib]], mscorlib","$values":["Entity-SellableItem-6042064","Entity-SellableItem-6042183","Entity-SellableItem-6042283","Entity-SellableItem-6042325","Entity-SellableItem-6042402","Entity-SellableItem-6042430","Entity-SellableItem-6042886","Entity-SellableItem-6042962","Entity-SellableItem-6042963","Entity-SellableItem-6042986","Entity-SellableItem-7042082"]},"RelationshipType":"RELATEDSELLABLEITEMTOSELLABLEITEM"},{"$type":"Sitecore.Commerce.Plugin.Catalog.ImportRelationshipsArgument, Sitecore.Commerce.Plugin.Catalog","SourceId":"Entity-SellableItem-7042138","SourceEntityVersion":1,"TargetIds":{"$type":"System.Collections.Generic.List`1[[System.String, mscorlib]], mscorlib","$values":["Entity-SellableItem-6042064","Entity-SellableItem-6042183","Entity-SellableItem-6042283","Entity-SellableItem-6042325","Entity-SellableItem-6042402","Entity-SellableItem-6042430","Entity-SellableItem-6042886","Entity-SellableItem-6042962","Entity-SellableItem-6042963","Entity-SellableItem-6042986","Entity-SellableItem-7042082"]},"RelationshipType":"RELATEDSELLABLEITEMTOSELLABLEITEM"},{"$type":"Sitecore.Commerce.Plugin.Catalog.ImportRelationshipsArgument, Sitecore.Commerce.Plugin.Catalog","SourceId":"Entity-SellableItem-7042139","SourceEntityVersion":1,"TargetIds":{"$type":"System.Collections.Generic.List`1[[System.String, mscorlib]], mscorlib","$values":["Entity-SellableItem-6042064","Entity-SellableItem-6042183","Entity-SellableItem-6042283","Entity-SellableItem-6042325","Entity-SellableItem-6042402","Entity-SellableItem-6042430","Entity-SellableItem-6042886","Entity-SellableItem-6042962","Entity-SellableItem-6042963","Entity-SellableItem-6042986","Entity-SellableItem-7042082"]},"RelationshipType":"RELATEDSELLABLEITEMTOSELLABLEITEM"},{"$type":"Sitecore.Commerce.Plugin.Catalog.ImportRelationshipsArgument, Sitecore.Commerce.Plugin.Catalog","SourceId":"Entity-SellableItem-7042140","SourceEntityVersion":1,"TargetIds":{"$type":"System.Collections.Generic.List`1[[System.String, mscorlib]], mscorlib","$values":["Entity-SellableItem-6042064","Entity-SellableItem-6042183","Entity-SellableItem-6042283","Entity-SellableItem-6042325","Entity-SellableItem-6042402","Entity-SellableItem-6042430","Entity-SellableItem-6042886","Entity-SellableItem-6042962","Entity-SellableItem-6042963","Entity-SellableItem-6042986","Entity-SellableItem-7042082"]},"RelationshipType":"RELATEDSELLABLEITEMTOSELLABLEITEM"},{"$type":"Sitecore.Commerce.Plugin.Catalog.ImportRelationshipsArgument, Sitecore.Commerce.Plugin.Catalog","SourceId":"Entity-SellableItem-7042141","SourceEntityVersion":1,"TargetIds":{"$type":"System.Collections.Generic.List`1[[System.String, mscorlib]], mscorlib","$values":["Entity-SellableItem-6042064","Entity-SellableItem-6042183","Entity-SellableItem-6042283","Entity-SellableItem-6042325","Entity-SellableItem-6042402","Entity-SellableItem-6042430","Entity-SellableItem-6042886","Entity-SellableItem-6042962","Entity-SellableItem-6042963","Entity-SellableItem-6042986","Entity-SellableItem-7042082"]},"RelationshipType":"RELATEDSELLABLEITEMTOSELLABLEITEM"},{"$type":"Sitecore.Commerce.Plugin.Catalog.ImportRelationshipsArgument, Sitecore.Commerce.Plugin.Catalog","SourceId":"Entity-SellableItem-7042142","SourceEntityVersion":1,"TargetIds":{"$type":"System.Collections.Generic.List`1[[System.String, mscorlib]], mscorlib","$values":["Entity-SellableItem-6042064","Entity-SellableItem-6042183","Entity-SellableItem-6042283","Entity-SellableItem-6042325","Entity-SellableItem-6042402","Entity-SellableItem-6042430","Entity-SellableItem-6042886","Entity-SellableItem-6042962","Entity-SellableItem-6042963","Entity-SellableItem-6042986","Entity-SellableItem-7042082"]},"RelationshipType":"RELATEDSELLABLEITEMTOSELLABLEITEM"},{"$type":"Sitecore.Commerce.Plugin.Catalog.ImportRelationshipsArgument, Sitecore.Commerce.Plugin.Catalog","SourceId":"Entity-SellableItem-7042143","SourceEntityVersion":1,"TargetIds":{"$type":"System.Collections.Generic.List`1[[System.String, mscorlib]], mscorlib","$values":["Entity-SellableItem-6042064","Entity-SellableItem-6042183","Entity-SellableItem-6042283","Entity-SellableItem-6042325","Entity-SellableItem-6042402","Entity-SellableItem-6042430","Entity-SellableItem-6042886","Entity-SellableItem-6042962","Entity-SellableItem-6042963","Entity-SellableItem-6042986","Entity-SellableItem-7042082"]},"RelationshipType":"RELATEDSELLABLEITEMTOSELLABLEITEM"},{"$type":"Sitecore.Commerce.Plugin.Catalog.ImportRelationshipsArgument, Sitecore.Commerce.Plugin.Catalog","SourceId":"Entity-SellableItem-7042144","SourceEntityVersion":1,"TargetIds":{"$type":"System.Collections.Generic.List`1[[System.String, mscorlib]], mscorlib","$values":["Entity-SellableItem-6042064","Entity-SellableItem-6042183","Entity-SellableItem-6042283","Entity-SellableItem-6042325","Entity-SellableItem-6042402","Entity-SellableItem-6042430","Entity-SellableItem-6042886","Entity-SellableItem-6042962","Entity-SellableItem-6042963","Entity-SellableItem-6042986","Entity-SellableItem-7042082"]},"RelationshipType":"RELATEDSELLABLEITEMTOSELLABLEITEM"},{"$type":"Sitecore.Commerce.Plugin.Catalog.ImportRelationshipsArgument, Sitecore.Commerce.Plugin.Catalog","SourceId":"Entity-SellableItem-7042145","SourceEntityVersion":1,"TargetIds":{"$type":"System.Collections.Generic.List`1[[System.String, mscorlib]], mscorlib","$values":["Entity-SellableItem-6042064","Entity-SellableItem-6042183","Entity-SellableItem-6042283","Entity-SellableItem-6042325","Entity-SellableItem-6042402","Entity-SellableItem-6042430","Entity-SellableItem-6042886","Entity-SellableItem-6042962","Entity-SellableItem-6042963","Entity-SellableItem-6042986","Entity-SellableItem-7042082"]},"RelationshipType":"RELATEDSELLABLEITEMTOSELLABLEITEM"},{"$type":"Sitecore.Commerce.Plugin.Catalog.ImportRelationshipsArgument, Sitecore.Commerce.Plugin.Catalog","SourceId":"Entity-SellableItem-7042146","SourceEntityVersion":1,"TargetIds":{"$type":"System.Collections.Generic.List`1[[System.String, mscorlib]], mscorlib","$values":["Entity-SellableItem-6042064","Entity-SellableItem-6042183","Entity-SellableItem-6042283","Entity-SellableItem-6042325","Entity-SellableItem-6042402","Entity-SellableItem-6042430","Entity-SellableItem-6042886","Entity-SellableItem-6042962","Entity-SellableItem-6042963","Entity-SellableItem-6042986","Entity-SellableItem-7042082"]},"RelationshipType":"RELATEDSELLABLEITEMTOSELLABLEITEM"},{"$type":"Sitecore.Commerce.Plugin.Catalog.ImportRelationshipsArgument, Sitecore.Commerce.Plugin.Catalog","SourceId":"Entity-SellableItem-7042147","SourceEntityVersion":1,"TargetIds":{"$type":"System.Collections.Generic.List`1[[System.String, mscorlib]], mscorlib","$values":["Entity-SellableItem-6042064","Entity-SellableItem-6042183","Entity-SellableItem-6042283","Entity-SellableItem-6042325","Entity-SellableItem-6042402","Entity-SellableItem-6042430","Entity-SellableItem-6042886","Entity-SellableItem-6042962","Entity-SellableItem-6042963","Entity-SellableItem-6042986","Entity-SellableItem-7042082"]},"RelationshipType":"RELATEDSELLABLEITEMTOSELLABLEITEM"},{"$type":"Sitecore.Commerce.Plugin.Catalog.ImportRelationshipsArgument, Sitecore.Commerce.Plugin.Catalog","SourceId":"Entity-SellableItem-7042148","SourceEntityVersion":1,"TargetIds":{"$type":"System.Collections.Generic.List`1[[System.String, mscorlib]], mscorlib","$values":["Entity-SellableItem-6042064","Entity-SellableItem-6042183","Entity-SellableItem-6042283","Entity-SellableItem-6042325","Entity-SellableItem-6042402","Entity-SellableItem-6042430","Entity-SellableItem-6042886","Entity-SellableItem-6042962","Entity-SellableItem-6042963","Entity-SellableItem-6042986","Entity-SellableItem-7042082"]},"RelationshipType":"RELATEDSELLABLEITEMTOSELLABLEITEM"},{"$type":"Sitecore.Commerce.Plugin.Catalog.ImportRelationshipsArgument, Sitecore.Commerce.Plugin.Catalog","SourceId":"Entity-SellableItem-7042149","SourceEntityVersion":1,"TargetIds":{"$type":"System.Collections.Generic.List`1[[System.String, mscorlib]], mscorlib","$values":["Entity-SellableItem-6042064","Entity-SellableItem-6042183","Entity-SellableItem-6042283","Entity-SellableItem-6042325","Entity-SellableItem-6042402","Entity-SellableItem-6042430","Entity-SellableItem-6042886","Entity-SellableItem-6042962","Entity-SellableItem-6042963","Entity-SellableItem-6042986","Entity-SellableItem-7042082"]},"RelationshipType":"RELATEDSELLABLEITEMTOSELLABLEITEM"},{"$type":"Sitecore.Commerce.Plugin.Catalog.ImportRelationshipsArgument, Sitecore.Commerce.Plugin.Catalog","SourceId":"Entity-SellableItem-7042150","SourceEntityVersion":1,"TargetIds":{"$type":"System.Collections.Generic.List`1[[System.String, mscorlib]], mscorlib","$values":["Entity-SellableItem-6042064","Entity-SellableItem-6042183","Entity-SellableItem-6042283","Entity-SellableItem-6042325","Entity-SellableItem-6042402","Entity-SellableItem-6042430","Entity-SellableItem-6042886","Entity-SellableItem-6042962","Entity-SellableItem-6042963","Entity-SellableItem-6042986","Entity-SellableItem-7042082"]},"RelationshipType":"RELATEDSELLABLEITEMTOSELLABLEITEM"},{"$type":"Sitecore.Commerce.Plugin.Catalog.ImportRelationshipsArgument, Sitecore.Commerce.Plugin.Catalog","SourceId":"Entity-SellableItem-7042151","SourceEntityVersion":1,"TargetIds":{"$type":"System.Collections.Generic.List`1[[System.String, mscorlib]], mscorlib","$values":["Entity-SellableItem-6042064","Entity-SellableItem-6042183","Entity-SellableItem-6042283","Entity-SellableItem-6042325","Entity-SellableItem-6042402","Entity-SellableItem-6042430","Entity-SellableItem-6042886","Entity-SellableItem-6042962","Entity-SellableItem-6042963","Entity-SellableItem-6042986","Entity-SellableItem-7042082"]},"RelationshipType":"RELATEDSELLABLEITEMTOSELLABLEITEM"},{"$type":"Sitecore.Commerce.Plugin.Catalog.ImportRelationshipsArgument, Sitecore.Commerce.Plugin.Catalog","SourceId":"Entity-SellableItem-7042152","SourceEntityVersion":1,"TargetIds":{"$type":"System.Collections.Generic.List`1[[System.String, mscorlib]], mscorlib","$values":["Entity-SellableItem-6042064","Entity-SellableItem-6042183","Entity-SellableItem-6042283","Entity-SellableItem-6042325","Entity-SellableItem-6042402","Entity-SellableItem-6042430","Entity-SellableItem-6042886","Entity-SellableItem-6042962","Entity-SellableItem-6042963","Entity-SellableItem-6042986","Entity-SellableItem-7042082"]},"RelationshipType":"RELATEDSELLABLEITEMTOSELLABLEITEM"},{"$type":"Sitecore.Commerce.Plugin.Catalog.ImportRelationshipsArgument, Sitecore.Commerce.Plugin.Catalog","SourceId":"Entity-SellableItem-7042153","SourceEntityVersion":1,"TargetIds":{"$type":"System.Collections.Generic.List`1[[System.String, mscorlib]], mscorlib","$values":["Entity-SellableItem-6042064","Entity-SellableItem-6042183","Entity-SellableItem-6042283","Entity-SellableItem-6042325","Entity-SellableItem-6042402","Entity-SellableItem-6042430","Entity-SellableItem-6042886","Entity-SellableItem-6042962","Entity-SellableItem-6042963","Entity-SellableItem-6042986","Entity-SellableItem-7042082"]},"RelationshipType":"RELATEDSELLABLEITEMTOSELLABLEITEM"},{"$type":"Sitecore.Commerce.Plugin.Catalog.ImportRelationshipsArgument, Sitecore.Commerce.Plugin.Catalog","SourceId":"Entity-SellableItem-7042154","SourceEntityVersion":1,"TargetIds":{"$type":"System.Collections.Generic.List`1[[System.String, mscorlib]], mscorlib","$values":["Entity-SellableItem-6042064","Entity-SellableItem-6042183","Entity-SellableItem-6042283","Entity-SellableItem-6042325","Entity-SellableItem-6042402","Entity-SellableItem-6042430","Entity-SellableItem-6042886","Entity-SellableItem-6042962","Entity-SellableItem-6042963","Entity-SellableItem-6042986","Entity-SellableItem-7042082"]},"RelationshipType":"RELATEDSELLABLEITEMTOSELLABLEITEM"},{"$type":"Sitecore.Commerce.Plugin.Catalog.ImportRelationshipsArgument, Sitecore.Commerce.Plugin.Catalog","SourceId":"Entity-SellableItem-7042155","SourceEntityVersion":1,"TargetIds":{"$type":"System.Collections.Generic.List`1[[System.String, mscorlib]], mscorlib","$values":["Entity-SellableItem-6042064","Entity-SellableItem-6042183","Entity-SellableItem-6042283","Entity-SellableItem-6042325","Entity-SellableItem-6042402","Entity-SellableItem-6042430","Entity-SellableItem-6042886","Entity-SellableItem-6042962","Entity-SellableItem-6042963","Entity-SellableItem-6042986","Entity-SellableItem-7042082"]},"RelationshipType":"RELATEDSELLABLEITEMTOSELLABLEITEM"},{"$type":"Sitecore.Commerce.Plugin.Catalog.ImportRelationshipsArgument, Sitecore.Commerce.Plugin.Catalog","SourceId":"Entity-SellableItem-7042156","SourceEntityVersion":1,"TargetIds":{"$type":"System.Collections.Generic.List`1[[System.String, mscorlib]], mscorlib","$values":["Entity-SellableItem-6042064","Entity-SellableItem-6042183","Entity-SellableItem-6042283","Entity-SellableItem-6042325","Entity-SellableItem-6042402","Entity-SellableItem-6042430","Entity-SellableItem-6042886","Entity-SellableItem-6042962","Entity-SellableItem-6042963","Entity-SellableItem-6042986","Entity-SellableItem-7042082"]},"RelationshipType":"RELATEDSELLABLEITEMTOSELLABLEITEM"},{"$type":"Sitecore.Commerce.Plugin.Catalog.ImportRelationshipsArgument, Sitecore.Commerce.Plugin.Catalog","SourceId":"Entity-SellableItem-7042157","SourceEntityVersion":1,"TargetIds":{"$type":"System.Collections.Generic.List`1[[System.String, mscorlib]], mscorlib","$values":["Entity-SellableItem-6042064","Entity-SellableItem-6042183","Entity-SellableItem-6042283","Entity-SellableItem-6042325","Entity-SellableItem-6042402","Entity-SellableItem-6042430","Entity-SellableItem-6042886","Entity-SellableItem-6042962","Entity-SellableItem-6042963","Entity-SellableItem-6042986","Entity-SellableItem-7042082"]},"RelationshipType":"RELATEDSELLABLEITEMTOSELLABLEITEM"},{"$type":"Sitecore.Commerce.Plugin.Catalog.ImportRelationshipsArgument, Sitecore.Commerce.Plugin.Catalog","SourceId":"Entity-SellableItem-7042158","SourceEntityVersion":1,"TargetIds":{"$type":"System.Collections.Generic.List`1[[System.String, mscorlib]], mscorlib","$values":["Entity-SellableItem-6042064","Entity-SellableItem-6042183","Entity-SellableItem-6042283","Entity-SellableItem-6042325","Entity-SellableItem-6042402","Entity-SellableItem-6042430","Entity-SellableItem-6042886","Entity-SellableItem-6042962","Entity-SellableItem-6042963","Entity-SellableItem-6042986","Entity-SellableItem-7042082"]},"RelationshipType":"RELATEDSELLABLEITEMTOSELLABLEITEM"},{"$type":"Sitecore.Commerce.Plugin.Catalog.ImportRelationshipsArgument, Sitecore.Commerce.Plugin.Catalog","SourceId":"Entity-SellableItem-7042159","SourceEntityVersion":1,"TargetIds":{"$type":"System.Collections.Generic.List`1[[System.String, mscorlib]], mscorlib","$values":["Entity-SellableItem-6042064","Entity-SellableItem-6042183","Entity-SellableItem-6042283","Entity-SellableItem-6042325","Entity-SellableItem-6042402","Entity-SellableItem-6042430","Entity-SellableItem-6042886","Entity-SellableItem-6042962","Entity-SellableItem-6042963","Entity-SellableItem-6042986","Entity-SellableItem-7042082"]},"RelationshipType":"RELATEDSELLABLEITEMTOSELLABLEITEM"},{"$type":"Sitecore.Commerce.Plugin.Catalog.ImportRelationshipsArgument, Sitecore.Commerce.Plugin.Catalog","SourceId":"Entity-SellableItem-7042160","SourceEntityVersion":1,"TargetIds":{"$type":"System.Collections.Generic.List`1[[System.String, mscorlib]], mscorlib","$values":["Entity-SellableItem-6042064","Entity-SellableItem-6042183","Entity-SellableItem-6042283","Entity-SellableItem-6042325","Entity-SellableItem-6042402","Entity-SellableItem-6042430","Entity-SellableItem-6042886","Entity-SellableItem-6042962","Entity-SellableItem-6042963","Entity-SellableItem-6042986","Entity-SellableItem-7042082"]},"RelationshipType":"RELATEDSELLABLEITEMTOSELLABLEITEM"},{"$type":"Sitecore.Commerce.Plugin.Catalog.ImportRelationshipsArgument, Sitecore.Commerce.Plugin.Catalog","SourceId":"Entity-SellableItem-7042161","SourceEntityVersion":1,"TargetIds":{"$type":"System.Collections.Generic.List`1[[System.String, mscorlib]], mscorlib","$values":["Entity-SellableItem-6042064","Entity-SellableItem-6042183","Entity-SellableItem-6042283","Entity-SellableItem-6042325","Entity-SellableItem-6042402","Entity-SellableItem-6042430","Entity-SellableItem-6042886","Entity-SellableItem-6042962","Entity-SellableItem-6042963","Entity-SellableItem-6042986","Entity-SellableItem-7042082"]},"RelationshipType":"RELATEDSELLABLEITEMTOSELLABLEITEM"},{"$type":"Sitecore.Commerce.Plugin.Catalog.ImportRelationshipsArgument, Sitecore.Commerce.Plugin.Catalog","SourceId":"Entity-SellableItem-7042162","SourceEntityVersion":1,"TargetIds":{"$type":"System.Collections.Generic.List`1[[System.String, mscorlib]], mscorlib","$values":["Entity-SellableItem-6042064","Entity-SellableItem-6042183","Entity-SellableItem-6042283","Entity-SellableItem-6042325","Entity-SellableItem-6042402","Entity-SellableItem-6042430","Entity-SellableItem-6042886","Entity-SellableItem-6042962","Entity-SellableItem-6042963","Entity-SellableItem-6042986","Entity-SellableItem-7042082"]},"RelationshipType":"RELATEDSELLABLEITEMTOSELLABLEITEM"},{"$type":"Sitecore.Commerce.Plugin.Catalog.ImportRelationshipsArgument, Sitecore.Commerce.Plugin.Catalog","SourceId":"Entity-SellableItem-7042163","SourceEntityVersion":1,"TargetIds":{"$type":"System.Collections.Generic.List`1[[System.String, mscorlib]], mscorlib","$values":["Entity-SellableItem-6042064","Entity-SellableItem-6042183","Entity-SellableItem-6042283","Entity-SellableItem-6042325","Entity-SellableItem-6042402","Entity-SellableItem-6042430","Entity-SellableItem-6042886","Entity-SellableItem-6042962","Entity-SellableItem-6042963","Entity-SellableItem-6042986","Entity-SellableItem-7042082"]},"RelationshipType":"RELATEDSELLABLEITEMTOSELLABLEITEM"},{"$type":"Sitecore.Commerce.Plugin.Catalog.ImportRelationshipsArgument, Sitecore.Commerce.Plugin.Catalog","SourceId":"Entity-SellableItem-7042164","SourceEntityVersion":1,"TargetIds":{"$type":"System.Collections.Generic.List`1[[System.String, mscorlib]], mscorlib","$values":["Entity-SellableItem-6042064","Entity-SellableItem-6042183","Entity-SellableItem-6042283","Entity-SellableItem-6042325","Entity-SellableItem-6042402","Entity-SellableItem-6042430","Entity-SellableItem-6042886","Entity-SellableItem-6042962","Entity-SellableItem-6042963","Entity-SellableItem-6042986","Entity-SellableItem-7042082"]},"RelationshipType":"RELATEDSELLABLEITEMTOSELLABLEITEM"},{"$type":"Sitecore.Commerce.Plugin.Catalog.ImportRelationshipsArgument, Sitecore.Commerce.Plugin.Catalog","SourceId":"Entity-SellableItem-7042165","SourceEntityVersion":1,"TargetIds":{"$type":"System.Collections.Generic.List`1[[System.String, mscorlib]], mscorlib","$values":["Entity-SellableItem-6042064","Entity-SellableItem-6042183","Entity-SellableItem-6042283","Entity-SellableItem-6042325","Entity-SellableItem-6042402","Entity-SellableItem-6042430","Entity-SellableItem-6042886","Entity-SellableItem-6042962","Entity-SellableItem-6042963","Entity-SellableItem-6042986","Entity-SellableItem-7042082"]},"RelationshipType":"RELATEDSELLABLEITEMTOSELLABLEITEM"},{"$type":"Sitecore.Commerce.Plugin.Catalog.ImportRelationshipsArgument, Sitecore.Commerce.Plugin.Catalog","SourceId":"Entity-SellableItem-7042166","SourceEntityVersion":1,"TargetIds":{"$type":"System.Collections.Generic.List`1[[System.String, mscorlib]], mscorlib","$values":["Entity-SellableItem-6042064","Entity-SellableItem-6042183","Entity-SellableItem-6042283","Entity-SellableItem-6042325","Entity-SellableItem-6042402","Entity-SellableItem-6042430","Entity-SellableItem-6042886","Entity-SellableItem-6042962","Entity-SellableItem-6042963","Entity-SellableItem-6042986","Entity-SellableItem-7042082"]},"RelationshipType":"RELATEDSELLABLEITEMTOSELLABLEITEM"},{"$type":"Sitecore.Commerce.Plugin.Catalog.ImportRelationshipsArgument, Sitecore.Commerce.Plugin.Catalog","SourceId":"Entity-SellableItem-7042167","SourceEntityVersion":1,"TargetIds":{"$type":"System.Collections.Generic.List`1[[System.String, mscorlib]], mscorlib","$values":["Entity-SellableItem-6042064","Entity-SellableItem-6042183","Entity-SellableItem-6042283","Entity-SellableItem-6042325","Entity-SellableItem-6042402","Entity-SellableItem-6042430","Entity-SellableItem-6042886","Entity-SellableItem-6042962","Entity-SellableItem-6042963","Entity-SellableItem-6042986","Entity-SellableItem-7042082"]},"RelationshipType":"RELATEDSELLABLEITEMTOSELLABLEITEM"},{"$type":"Sitecore.Commerce.Plugin.Catalog.ImportRelationshipsArgument, Sitecore.Commerce.Plugin.Catalog","SourceId":"Entity-SellableItem-7042168","SourceEntityVersion":1,"TargetIds":{"$type":"System.Collections.Generic.List`1[[System.String, mscorlib]], mscorlib","$values":["Entity-SellableItem-6042064","Entity-SellableItem-6042183","Entity-SellableItem-6042283","Entity-SellableItem-6042325","Entity-SellableItem-6042402","Entity-SellableItem-6042430","Entity-SellableItem-6042886","Entity-SellableItem-6042962","Entity-SellableItem-6042963","Entity-SellableItem-6042986","Entity-SellableItem-7042082"]},"RelationshipType":"RELATEDSELLABLEITEMTOSELLABLEITEM"},{"$type":"Sitecore.Commerce.Plugin.Catalog.ImportRelationshipsArgument, Sitecore.Commerce.Plugin.Catalog","SourceId":"Entity-SellableItem-7042169","SourceEntityVersion":1,"TargetIds":{"$type":"System.Collections.Generic.List`1[[System.String, mscorlib]], mscorlib","$values":["Entity-SellableItem-6042064","Entity-SellableItem-6042183","Entity-SellableItem-6042283","Entity-SellableItem-6042325","Entity-SellableItem-6042402","Entity-SellableItem-6042430","Entity-SellableItem-6042886","Entity-SellableItem-6042962","Entity-SellableItem-6042963","Entity-SellableItem-6042986","Entity-SellableItem-7042082"]},"RelationshipType":"RELATEDSELLABLEITEMTOSELLABLEITEM"},{"$type":"Sitecore.Commerce.Plugin.Catalog.ImportRelationshipsArgument, Sitecore.Commerce.Plugin.Catalog","SourceId":"Entity-SellableItem-7042257","SourceEntityVersion":1,"TargetIds":{"$type":"System.Collections.Generic.List`1[[System.String, mscorlib]], mscorlib","$values":["Entity-SellableItem-6042064","Entity-SellableItem-6042183","Entity-SellableItem-6042283","Entity-SellableItem-6042325","Entity-SellableItem-6042402","Entity-SellableItem-6042430","Entity-SellableItem-6042886","Entity-SellableItem-6042962","Entity-SellableItem-6042963","Entity-SellableItem-6042986","Entity-SellableItem-7042082"]},"RelationshipType":"RELATEDSELLABLEITEMTOSELLABLEITEM"},{"$type":"Sitecore.Commerce.Plugin.Catalog.ImportRelationshipsArgument, Sitecore.Commerce.Plugin.Catalog","SourceId":"Entity-SellableItem-7042258","SourceEntityVersion":1,"TargetIds":{"$type":"System.Collections.Generic.List`1[[System.String, mscorlib]], mscorlib","$values":["Entity-SellableItem-6042064","Entity-SellableItem-6042183","Entity-SellableItem-6042283","Entity-SellableItem-6042325","Entity-SellableItem-6042402","Entity-SellableItem-6042430","Entity-SellableItem-6042886","Entity-SellableItem-6042962","Entity-SellableItem-6042963","Entity-SellableItem-6042986","Entity-SellableItem-7042082"]},"RelationshipType":"RELATEDSELLABLEITEMTOSELLABLEITEM"},{"$type":"Sitecore.Commerce.Plugin.Catalog.ImportRelationshipsArgument, Sitecore.Commerce.Plugin.Catalog","SourceId":"Entity-SellableItem-7042259","SourceEntityVersion":1,"TargetIds":{"$type":"System.Collections.Generic.List`1[[System.String, mscorlib]], mscorlib","$values":["Entity-SellableItem-6042064","Entity-SellableItem-6042183","Entity-SellableItem-6042283","Entity-SellableItem-6042325","Entity-SellableItem-6042402","Entity-SellableItem-6042430","Entity-SellableItem-6042886","Entity-SellableItem-6042962","Entity-SellableItem-6042963","Entity-SellableItem-6042986","Entity-SellableItem-7042082"]},"RelationshipType":"RELATEDSELLABLEITEMTOSELLABLEITEM"},{"$type":"Sitecore.Commerce.Plugin.Catalog.ImportRelationshipsArgument, Sitecore.Commerce.Plugin.Catalog","SourceId":"Entity-SellableItem-7042259","SourceEntityVersion":1,"TargetIds":{"$type":"System.Collections.Generic.List`1[[System.String, mscorlib]], mscorlib","$values":["Entity-SellableItem-6001009"]},"RelationshipType":"SELLABLEITEMTOBUNDLE"}]}