{"$type":"System.Collections.Generic.List`1[[Sitecore.Commerce.Plugin.Catalog.RelationshipDefinition, Sitecore.Commerce.Plugin.Catalog]], mscorlib","$values":[{"$type":"Sitecore.Commerce.Plugin.Catalog.RelationshipDefinition, Sitecore.Commerce.Plugin.Catalog","RelationshipDescription":"InstallationSellableItemToSellableItem","SourceType":"Sitecore.Commerce.Plugin.Catalog.SellableItem, Sitecore.Commerce.Plugin.Catalog","TargetType":"Sitecore.Commerce.Plugin.Catalog.SellableItem, Sitecore.Commerce.Plugin.Catalog","RenderList":true,"DateCreated":"2019-05-16T14:09:35.6488787+00:00","DateUpdated":"2020-02-12T09:36:07.2402049+00:00","DisplayName":"InstallationSellableItemToSellableItem","FriendlyId":"InstallationSellableItemToSellableItem","Id":"Entity-RelationshipDefinition-InstallationSellableItemToSellableItem","Version":1,"EntityVersion":1,"Published":true,"IsPersisted":true,"Name":"InstallationSellableItemToSellableItem","UniqueId":"5f826bd2-a28e-eadf-f5db-ca7ecf16d57f"},{"$type":"Sitecore.Commerce.Plugin.Catalog.RelationshipDefinition, Sitecore.Commerce.Plugin.Catalog","RelationshipDescription":"RelatedSellableItemToSellableItem","SourceType":"Sitecore.Commerce.Plugin.Catalog.SellableItem, Sitecore.Commerce.Plugin.Catalog","TargetType":"Sitecore.Commerce.Plugin.Catalog.SellableItem, Sitecore.Commerce.Plugin.Catalog","RenderList":true,"DateCreated":"2019-05-16T14:09:35.6498782+00:00","DateUpdated":"2020-02-12T09:36:07.2402049+00:00","DisplayName":"RelatedSellableItemToSellableItem","FriendlyId":"RelatedSellableItemToSellableItem","Id":"Entity-RelationshipDefinition-RelatedSellableItemToSellableItem","Version":1,"EntityVersion":1,"Published":true,"IsPersisted":true,"Name":"RelatedSellableItemToSellableItem","UniqueId":"6d15c3f8-e2b6-e738-b999-3c1f8b2d3fd0"},{"$type":"Sitecore.Commerce.Plugin.Catalog.RelationshipDefinition, Sitecore.Commerce.Plugin.Catalog","RelationshipDescription":"TrainingSellableItemToSellableItem","SourceType":"Sitecore.Commerce.Plugin.Catalog.SellableItem, Sitecore.Commerce.Plugin.Catalog","TargetType":"Sitecore.Commerce.Plugin.Catalog.SellableItem, Sitecore.Commerce.Plugin.Catalog","RenderList":true,"DateCreated":"2019-05-16T14:09:35.789896+00:00","DateUpdated":"2020-02-12T09:36:07.2402049+00:00","DisplayName":"TrainingSellableItemToSellableItem","FriendlyId":"TrainingSellableItemToSellableItem","Id":"Entity-RelationshipDefinition-TrainingSellableItemToSellableItem","Version":1,"EntityVersion":1,"Published":true,"IsPersisted":true,"Name":"TrainingSellableItemToSellableItem","UniqueId":"88a9ee15-681f-fedf-b215-d7cf3ee38963"},{"$type":"Sitecore.Commerce.Plugin.Catalog.RelationshipDefinition, Sitecore.Commerce.Plugin.Catalog","RelationshipDescription":"WarrantySellableItemToSellableItem","SourceType":"Sitecore.Commerce.Plugin.Catalog.SellableItem, Sitecore.Commerce.Plugin.Catalog","TargetType":"Sitecore.Commerce.Plugin.Catalog.SellableItem, Sitecore.Commerce.Plugin.Catalog","RenderList":true,"DateCreated":"2019-05-16T14:09:35.6498782+00:00","DateUpdated":"2020-02-12T09:36:07.2402049+00:00","DisplayName":"WarrantySellableItemToSellableItem","FriendlyId":"WarrantySellableItemToSellableItem","Id":"Entity-RelationshipDefinition-WarrantySellableItemToSellableItem","Version":1,"EntityVersion":1,"Published":true,"IsPersisted":true,"Name":"WarrantySellableItemToSellableItem","UniqueId":"7f34aabb-29e6-b157-eaa1-796c591308aa"}]}