{"$type":"System.Collections.Generic.List`1[[Sitecore.Commerce.Plugin.Inventory.InventoryInformation, Sitecore.Commerce.Plugin.Inventory]], mscorlib","$values":[{"$type":"Sitecore.Commerce.Plugin.Inventory.InventoryInformation, Sitecore.Commerce.Plugin.Inventory","InventorySet":{"$type":"Sitecore.Commerce.Core.EntityReference, Sitecore.Commerce.Core","EntityTarget":"Entity-InventorySet-Habitat_Inventory"},"SellableItem":{"$type":"Sitecore.Commerce.Core.EntityReference, Sitecore.Commerce.Core","EntityTarget":"Entity-SellableItem-7042146"},"VariationId":"57042146","Quantity":10000,"InvoiceUnitPrice":{"$type":"Sitecore.Commerce.Core.Money, Sitecore.Commerce.Core","CurrencyCode":"USD","Amount":0.0},"DateCreated":"2019-05-16T14:09:35.5708674+00:00","DateUpdated":"2020-02-12T09:36:31.0836273+00:00","DisplayName":"Habitat_Inventory-7042146-57042146","FriendlyId":"Habitat_Inventory-7042146-57042146","Id":"Entity-InventoryInformation-Habitat_Inventory-7042146-57042146","Version":1,"EntityVersion":1,"Published":true,"IsPersisted":true,"Name":"Habitat_Inventory-7042146-57042146","UniqueId":"74cd7c3a-4ab6-003c-dfd7-43a23f68d6d7"},{"$type":"Sitecore.Commerce.Plugin.Inventory.InventoryInformation, Sitecore.Commerce.Plugin.Inventory","InventorySet":{"$type":"Sitecore.Commerce.Core.EntityReference, Sitecore.Commerce.Core","EntityTarget":"Entity-InventorySet-Habitat_Inventory"},"SellableItem":{"$type":"Sitecore.Commerce.Core.EntityReference, Sitecore.Commerce.Core","EntityTarget":"Entity-SellableItem-7042147"},"VariationId":"57042147","Quantity":10000,"InvoiceUnitPrice":{"$type":"Sitecore.Commerce.Core.Money, Sitecore.Commerce.Core","CurrencyCode":"USD","Amount":0.0},"DateCreated":"2019-05-16T14:09:35.5708674+00:00","DateUpdated":"2020-02-12T09:36:31.0836273+00:00","DisplayName":"Habitat_Inventory-7042147-57042147","FriendlyId":"Habitat_Inventory-7042147-57042147","Id":"Entity-InventoryInformation-Habitat_Inventory-7042147-57042147","Version":1,"EntityVersion":1,"Published":true,"IsPersisted":true,"Name":"Habitat_Inventory-7042147-57042147","UniqueId":"508a093c-d73b-ac78-e514-6400ed89225b"},{"$type":"Sitecore.Commerce.Plugin.Inventory.InventoryInformation, Sitecore.Commerce.Plugin.Inventory","InventorySet":{"$type":"Sitecore.Commerce.Core.EntityReference, Sitecore.Commerce.Core","EntityTarget":"Entity-InventorySet-Habitat_Inventory"},"SellableItem":{"$type":"Sitecore.Commerce.Core.EntityReference, Sitecore.Commerce.Core","EntityTarget":"Entity-SellableItem-7042148"},"VariationId":"57042148","Quantity":10000,"InvoiceUnitPrice":{"$type":"Sitecore.Commerce.Core.Money, Sitecore.Commerce.Core","CurrencyCode":"USD","Amount":0.0},"DateCreated":"2019-05-16T14:09:35.5708674+00:00","DateUpdated":"2020-02-12T09:36:31.0997205+00:00","DisplayName":"Habitat_Inventory-7042148-57042148","FriendlyId":"Habitat_Inventory-7042148-57042148","Id":"Entity-InventoryInformation-Habitat_Inventory-7042148-57042148","Version":1,"EntityVersion":1,"Published":true,"IsPersisted":true,"Name":"Habitat_Inventory-7042148-57042148","UniqueId":"a850f04a-7c0c-0feb-d95e-eed28e4d6db3"},{"$type":"Sitecore.Commerce.Plugin.Inventory.InventoryInformation, Sitecore.Commerce.Plugin.Inventory","InventorySet":{"$type":"Sitecore.Commerce.Core.EntityReference, Sitecore.Commerce.Core","EntityTarget":"Entity-InventorySet-Habitat_Inventory"},"SellableItem":{"$type":"Sitecore.Commerce.Core.EntityReference, Sitecore.Commerce.Core","EntityTarget":"Entity-SellableItem-7042149"},"VariationId":"57042149","Quantity":10000,"InvoiceUnitPrice":{"$type":"Sitecore.Commerce.Core.Money, Sitecore.Commerce.Core","CurrencyCode":"USD","Amount":0.0},"DateCreated":"2019-05-16T14:09:35.5708674+00:00","DateUpdated":"2020-02-12T09:36:31.0836273+00:00","DisplayName":"Habitat_Inventory-7042149-57042149","FriendlyId":"Habitat_Inventory-7042149-57042149","Id":"Entity-InventoryInformation-Habitat_Inventory-7042149-57042149","Version":1,"EntityVersion":1,"Published":true,"IsPersisted":true,"Name":"Habitat_Inventory-7042149-57042149","UniqueId":"1975422e-ffdc-72b6-d47a-1c602b81ab63"},{"$type":"Sitecore.Commerce.Plugin.Inventory.InventoryInformation, Sitecore.Commerce.Plugin.Inventory","InventorySet":{"$type":"Sitecore.Commerce.Core.EntityReference, Sitecore.Commerce.Core","EntityTarget":"Entity-InventorySet-Habitat_Inventory"},"SellableItem":{"$type":"Sitecore.Commerce.Core.EntityReference, Sitecore.Commerce.Core","EntityTarget":"Entity-SellableItem-7042150"},"VariationId":"57042150","Quantity":10000,"InvoiceUnitPrice":{"$type":"Sitecore.Commerce.Core.Money, Sitecore.Commerce.Core","CurrencyCode":"USD","Amount":0.0},"DateCreated":"2019-05-16T14:09:35.5708674+00:00","DateUpdated":"2020-02-12T09:36:31.0997205+00:00","DisplayName":"Habitat_Inventory-7042150-57042150","FriendlyId":"Habitat_Inventory-7042150-57042150","Id":"Entity-InventoryInformation-Habitat_Inventory-7042150-57042150","Version":1,"EntityVersion":1,"Published":true,"IsPersisted":true,"Name":"Habitat_Inventory-7042150-57042150","UniqueId":"d0c95f7f-a66a-1313-279e-9ed813426126"},{"$type":"Sitecore.Commerce.Plugin.Inventory.InventoryInformation, Sitecore.Commerce.Plugin.Inventory","InventorySet":{"$type":"Sitecore.Commerce.Core.EntityReference, Sitecore.Commerce.Core","EntityTarget":"Entity-InventorySet-Habitat_Inventory"},"SellableItem":{"$type":"Sitecore.Commerce.Core.EntityReference, Sitecore.Commerce.Core","EntityTarget":"Entity-SellableItem-7042151"},"VariationId":"57042151","Quantity":10000,"InvoiceUnitPrice":{"$type":"Sitecore.Commerce.Core.Money, Sitecore.Commerce.Core","CurrencyCode":"USD","Amount":0.0},"DateCreated":"2019-05-16T14:09:35.5708674+00:00","DateUpdated":"2020-02-12T09:36:31.0997205+00:00","DisplayName":"Habitat_Inventory-7042151-57042151","FriendlyId":"Habitat_Inventory-7042151-57042151","Id":"Entity-InventoryInformation-Habitat_Inventory-7042151-57042151","Version":1,"EntityVersion":1,"Published":true,"IsPersisted":true,"Name":"Habitat_Inventory-7042151-57042151","UniqueId":"8d8dccf0-7b2c-81d8-6dc2-5c353df88164"},{"$type":"Sitecore.Commerce.Plugin.Inventory.InventoryInformation, Sitecore.Commerce.Plugin.Inventory","InventorySet":{"$type":"Sitecore.Commerce.Core.EntityReference, Sitecore.Commerce.Core","EntityTarget":"Entity-InventorySet-Habitat_Inventory"},"SellableItem":{"$type":"Sitecore.Commerce.Core.EntityReference, Sitecore.Commerce.Core","EntityTarget":"Entity-SellableItem-7042152"},"VariationId":"57042152","Quantity":10000,"InvoiceUnitPrice":{"$type":"Sitecore.Commerce.Core.Money, Sitecore.Commerce.Core","CurrencyCode":"USD","Amount":0.0},"DateCreated":"2019-05-16T14:09:35.5708674+00:00","DateUpdated":"2020-02-12T09:36:31.0997205+00:00","DisplayName":"Habitat_Inventory-7042152-57042152","FriendlyId":"Habitat_Inventory-7042152-57042152","Id":"Entity-InventoryInformation-Habitat_Inventory-7042152-57042152","Version":1,"EntityVersion":1,"Published":true,"IsPersisted":true,"Name":"Habitat_Inventory-7042152-57042152","UniqueId":"51d2c21d-0278-f431-c90c-06c52895fee5"},{"$type":"Sitecore.Commerce.Plugin.Inventory.InventoryInformation, Sitecore.Commerce.Plugin.Inventory","InventorySet":{"$type":"Sitecore.Commerce.Core.EntityReference, Sitecore.Commerce.Core","EntityTarget":"Entity-InventorySet-Habitat_Inventory"},"SellableItem":{"$type":"Sitecore.Commerce.Core.EntityReference, Sitecore.Commerce.Core","EntityTarget":"Entity-SellableItem-7042153"},"VariationId":"57042153","Quantity":10000,"InvoiceUnitPrice":{"$type":"Sitecore.Commerce.Core.Money, Sitecore.Commerce.Core","CurrencyCode":"USD","Amount":0.0},"DateCreated":"2019-05-16T14:09:35.5708674+00:00","DateUpdated":"2020-02-12T09:36:31.0997205+00:00","DisplayName":"Habitat_Inventory-7042153-57042153","FriendlyId":"Habitat_Inventory-7042153-57042153","Id":"Entity-InventoryInformation-Habitat_Inventory-7042153-57042153","Version":1,"EntityVersion":1,"Published":true,"IsPersisted":true,"Name":"Habitat_Inventory-7042153-57042153","UniqueId":"ea2fee10-f2c6-6b54-b9b7-1ddf789448f4"},{"$type":"Sitecore.Commerce.Plugin.Inventory.InventoryInformation, Sitecore.Commerce.Plugin.Inventory","InventorySet":{"$type":"Sitecore.Commerce.Core.EntityReference, Sitecore.Commerce.Core","EntityTarget":"Entity-InventorySet-Habitat_Inventory"},"SellableItem":{"$type":"Sitecore.Commerce.Core.EntityReference, Sitecore.Commerce.Core","EntityTarget":"Entity-SellableItem-7042154"},"VariationId":"57042154","Quantity":10000,"InvoiceUnitPrice":{"$type":"Sitecore.Commerce.Core.Money, Sitecore.Commerce.Core","CurrencyCode":"USD","Amount":0.0},"DateCreated":"2019-05-16T14:09:35.5708674+00:00","DateUpdated":"2020-02-12T09:36:31.1143718+00:00","DisplayName":"Habitat_Inventory-7042154-57042154","FriendlyId":"Habitat_Inventory-7042154-57042154","Id":"Entity-InventoryInformation-Habitat_Inventory-7042154-57042154","Version":1,"EntityVersion":1,"Published":true,"IsPersisted":true,"Name":"Habitat_Inventory-7042154-57042154","UniqueId":"1aa4f5ad-6aa6-0e6c-486b-f7b0742436b7"},{"$type":"Sitecore.Commerce.Plugin.Inventory.InventoryInformation, Sitecore.Commerce.Plugin.Inventory","InventorySet":{"$type":"Sitecore.Commerce.Core.EntityReference, Sitecore.Commerce.Core","EntityTarget":"Entity-InventorySet-Habitat_Inventory"},"SellableItem":{"$type":"Sitecore.Commerce.Core.EntityReference, Sitecore.Commerce.Core","EntityTarget":"Entity-SellableItem-7042155"},"VariationId":"57042155","Quantity":10000,"InvoiceUnitPrice":{"$type":"Sitecore.Commerce.Core.Money, Sitecore.Commerce.Core","CurrencyCode":"USD","Amount":0.0},"DateCreated":"2019-05-16T14:09:35.5708674+00:00","DateUpdated":"2020-02-12T09:36:31.1143718+00:00","DisplayName":"Habitat_Inventory-7042155-57042155","FriendlyId":"Habitat_Inventory-7042155-57042155","Id":"Entity-InventoryInformation-Habitat_Inventory-7042155-57042155","Version":1,"EntityVersion":1,"Published":true,"IsPersisted":true,"Name":"Habitat_Inventory-7042155-57042155","UniqueId":"0804e122-c32d-85ca-4121-09406faba8d2"},{"$type":"Sitecore.Commerce.Plugin.Inventory.InventoryInformation, Sitecore.Commerce.Plugin.Inventory","InventorySet":{"$type":"Sitecore.Commerce.Core.EntityReference, Sitecore.Commerce.Core","EntityTarget":"Entity-InventorySet-Habitat_Inventory"},"SellableItem":{"$type":"Sitecore.Commerce.Core.EntityReference, Sitecore.Commerce.Core","EntityTarget":"Entity-SellableItem-7042156"},"VariationId":"57042156","Quantity":10000,"InvoiceUnitPrice":{"$type":"Sitecore.Commerce.Core.Money, Sitecore.Commerce.Core","CurrencyCode":"USD","Amount":0.0},"DateCreated":"2019-05-16T14:09:35.5708674+00:00","DateUpdated":"2020-02-12T09:36:31.1143718+00:00","DisplayName":"Habitat_Inventory-7042156-57042156","FriendlyId":"Habitat_Inventory-7042156-57042156","Id":"Entity-InventoryInformation-Habitat_Inventory-7042156-57042156","Version":1,"EntityVersion":1,"Published":true,"IsPersisted":true,"Name":"Habitat_Inventory-7042156-57042156","UniqueId":"6ec78594-8eba-d29b-8514-b0bcfd9b8f7d"},{"$type":"Sitecore.Commerce.Plugin.Inventory.InventoryInformation, Sitecore.Commerce.Plugin.Inventory","InventorySet":{"$type":"Sitecore.Commerce.Core.EntityReference, Sitecore.Commerce.Core","EntityTarget":"Entity-InventorySet-Habitat_Inventory"},"SellableItem":{"$type":"Sitecore.Commerce.Core.EntityReference, Sitecore.Commerce.Core","EntityTarget":"Entity-SellableItem-7042157"},"VariationId":"57042157","Quantity":10000,"InvoiceUnitPrice":{"$type":"Sitecore.Commerce.Core.Money, Sitecore.Commerce.Core","CurrencyCode":"USD","Amount":0.0},"DateCreated":"2019-05-16T14:09:35.5708674+00:00","DateUpdated":"2020-02-12T09:36:31.1143718+00:00","DisplayName":"Habitat_Inventory-7042157-57042157","FriendlyId":"Habitat_Inventory-7042157-57042157","Id":"Entity-InventoryInformation-Habitat_Inventory-7042157-57042157","Version":1,"EntityVersion":1,"Published":true,"IsPersisted":true,"Name":"Habitat_Inventory-7042157-57042157","UniqueId":"7a3395aa-41ed-4076-0d5c-eb41f86b1fe2"},{"$type":"Sitecore.Commerce.Plugin.Inventory.InventoryInformation, Sitecore.Commerce.Plugin.Inventory","InventorySet":{"$type":"Sitecore.Commerce.Core.EntityReference, Sitecore.Commerce.Core","EntityTarget":"Entity-InventorySet-Habitat_Inventory"},"SellableItem":{"$type":"Sitecore.Commerce.Core.EntityReference, Sitecore.Commerce.Core","EntityTarget":"Entity-SellableItem-7042158"},"VariationId":"57042158","Quantity":10000,"InvoiceUnitPrice":{"$type":"Sitecore.Commerce.Core.Money, Sitecore.Commerce.Core","CurrencyCode":"USD","Amount":0.0},"DateCreated":"2019-05-16T14:09:35.5708674+00:00","DateUpdated":"2020-02-12T09:36:31.1143718+00:00","DisplayName":"Habitat_Inventory-7042158-57042158","FriendlyId":"Habitat_Inventory-7042158-57042158","Id":"Entity-InventoryInformation-Habitat_Inventory-7042158-57042158","Version":1,"EntityVersion":1,"Published":true,"IsPersisted":true,"Name":"Habitat_Inventory-7042158-57042158","UniqueId":"d22333fd-bda8-4221-47a3-3ad1398e145c"},{"$type":"Sitecore.Commerce.Plugin.Inventory.InventoryInformation, Sitecore.Commerce.Plugin.Inventory","InventorySet":{"$type":"Sitecore.Commerce.Core.EntityReference, Sitecore.Commerce.Core","EntityTarget":"Entity-InventorySet-Habitat_Inventory"},"SellableItem":{"$type":"Sitecore.Commerce.Core.EntityReference, Sitecore.Commerce.Core","EntityTarget":"Entity-SellableItem-7042159"},"VariationId":"57042159","Quantity":10000,"InvoiceUnitPrice":{"$type":"Sitecore.Commerce.Core.Money, Sitecore.Commerce.Core","CurrencyCode":"USD","Amount":0.0},"DateCreated":"2019-05-16T14:09:35.5708674+00:00","DateUpdated":"2020-02-12T09:36:31.1143718+00:00","DisplayName":"Habitat_Inventory-7042159-57042159","FriendlyId":"Habitat_Inventory-7042159-57042159","Id":"Entity-InventoryInformation-Habitat_Inventory-7042159-57042159","Version":1,"EntityVersion":1,"Published":true,"IsPersisted":true,"Name":"Habitat_Inventory-7042159-57042159","UniqueId":"45dcd142-b9d3-3759-bfc6-09f695a62f52"},{"$type":"Sitecore.Commerce.Plugin.Inventory.InventoryInformation, Sitecore.Commerce.Plugin.Inventory","InventorySet":{"$type":"Sitecore.Commerce.Core.EntityReference, Sitecore.Commerce.Core","EntityTarget":"Entity-InventorySet-Habitat_Inventory"},"SellableItem":{"$type":"Sitecore.Commerce.Core.EntityReference, Sitecore.Commerce.Core","EntityTarget":"Entity-SellableItem-7042160"},"VariationId":"57042160","Quantity":10000,"InvoiceUnitPrice":{"$type":"Sitecore.Commerce.Core.Money, Sitecore.Commerce.Core","CurrencyCode":"USD","Amount":0.0},"DateCreated":"2019-05-16T14:09:35.5708674+00:00","DateUpdated":"2020-02-12T09:36:31.5519199+00:00","DisplayName":"Habitat_Inventory-7042160-57042160","FriendlyId":"Habitat_Inventory-7042160-57042160","Id":"Entity-InventoryInformation-Habitat_Inventory-7042160-57042160","Version":1,"EntityVersion":1,"Published":true,"IsPersisted":true,"Name":"Habitat_Inventory-7042160-57042160","UniqueId":"6b0f4c69-a79b-9c6d-55ef-1f20496c5b3e"},{"$type":"Sitecore.Commerce.Plugin.Inventory.InventoryInformation, Sitecore.Commerce.Plugin.Inventory","InventorySet":{"$type":"Sitecore.Commerce.Core.EntityReference, Sitecore.Commerce.Core","EntityTarget":"Entity-InventorySet-Habitat_Inventory"},"SellableItem":{"$type":"Sitecore.Commerce.Core.EntityReference, Sitecore.Commerce.Core","EntityTarget":"Entity-SellableItem-7042161"},"VariationId":"57042161","Quantity":10000,"InvoiceUnitPrice":{"$type":"Sitecore.Commerce.Core.Money, Sitecore.Commerce.Core","CurrencyCode":"USD","Amount":0.0},"DateCreated":"2019-05-16T14:09:35.5708674+00:00","DateUpdated":"2020-02-12T09:36:31.5675784+00:00","DisplayName":"Habitat_Inventory-7042161-57042161","FriendlyId":"Habitat_Inventory-7042161-57042161","Id":"Entity-InventoryInformation-Habitat_Inventory-7042161-57042161","Version":1,"EntityVersion":1,"Published":true,"IsPersisted":true,"Name":"Habitat_Inventory-7042161-57042161","UniqueId":"0f98fe44-b7c8-f43c-fbaa-8d33b13534f4"},{"$type":"Sitecore.Commerce.Plugin.Inventory.InventoryInformation, Sitecore.Commerce.Plugin.Inventory","InventorySet":{"$type":"Sitecore.Commerce.Core.EntityReference, Sitecore.Commerce.Core","EntityTarget":"Entity-InventorySet-Habitat_Inventory"},"SellableItem":{"$type":"Sitecore.Commerce.Core.EntityReference, Sitecore.Commerce.Core","EntityTarget":"Entity-SellableItem-7042162"},"VariationId":"57042162","Quantity":10000,"InvoiceUnitPrice":{"$type":"Sitecore.Commerce.Core.Money, Sitecore.Commerce.Core","CurrencyCode":"USD","Amount":0.0},"DateCreated":"2019-05-16T14:09:35.5708674+00:00","DateUpdated":"2020-02-12T09:36:31.5675784+00:00","DisplayName":"Habitat_Inventory-7042162-57042162","FriendlyId":"Habitat_Inventory-7042162-57042162","Id":"Entity-InventoryInformation-Habitat_Inventory-7042162-57042162","Version":1,"EntityVersion":1,"Published":true,"IsPersisted":true,"Name":"Habitat_Inventory-7042162-57042162","UniqueId":"2191bef4-bf94-40fc-e930-e1d5e418aaa5"},{"$type":"Sitecore.Commerce.Plugin.Inventory.InventoryInformation, Sitecore.Commerce.Plugin.Inventory","InventorySet":{"$type":"Sitecore.Commerce.Core.EntityReference, Sitecore.Commerce.Core","EntityTarget":"Entity-InventorySet-Habitat_Inventory"},"SellableItem":{"$type":"Sitecore.Commerce.Core.EntityReference, Sitecore.Commerce.Core","EntityTarget":"Entity-SellableItem-7042163"},"VariationId":"57042163","Quantity":10000,"InvoiceUnitPrice":{"$type":"Sitecore.Commerce.Core.Money, Sitecore.Commerce.Core","CurrencyCode":"USD","Amount":0.0},"DateCreated":"2019-05-16T14:09:35.5708674+00:00","DateUpdated":"2020-02-12T09:36:31.5675784+00:00","DisplayName":"Habitat_Inventory-7042163-57042163","FriendlyId":"Habitat_Inventory-7042163-57042163","Id":"Entity-InventoryInformation-Habitat_Inventory-7042163-57042163","Version":1,"EntityVersion":1,"Published":true,"IsPersisted":true,"Name":"Habitat_Inventory-7042163-57042163","UniqueId":"87eae454-65b4-fabe-b138-88c1ca051e68"},{"$type":"Sitecore.Commerce.Plugin.Inventory.InventoryInformation, Sitecore.Commerce.Plugin.Inventory","InventorySet":{"$type":"Sitecore.Commerce.Core.EntityReference, Sitecore.Commerce.Core","EntityTarget":"Entity-InventorySet-Habitat_Inventory"},"SellableItem":{"$type":"Sitecore.Commerce.Core.EntityReference, Sitecore.Commerce.Core","EntityTarget":"Entity-SellableItem-7042164"},"VariationId":"57042164","Quantity":10000,"InvoiceUnitPrice":{"$type":"Sitecore.Commerce.Core.Money, Sitecore.Commerce.Core","CurrencyCode":"USD","Amount":0.0},"DateCreated":"2019-05-16T14:09:35.5708674+00:00","DateUpdated":"2020-02-12T09:36:31.5675784+00:00","DisplayName":"Habitat_Inventory-7042164-57042164","FriendlyId":"Habitat_Inventory-7042164-57042164","Id":"Entity-InventoryInformation-Habitat_Inventory-7042164-57042164","Version":1,"EntityVersion":1,"Published":true,"IsPersisted":true,"Name":"Habitat_Inventory-7042164-57042164","UniqueId":"35ecb0a9-8020-cb98-4f45-274550130db2"},{"$type":"Sitecore.Commerce.Plugin.Inventory.InventoryInformation, Sitecore.Commerce.Plugin.Inventory","InventorySet":{"$type":"Sitecore.Commerce.Core.EntityReference, Sitecore.Commerce.Core","EntityTarget":"Entity-InventorySet-Habitat_Inventory"},"SellableItem":{"$type":"Sitecore.Commerce.Core.EntityReference, Sitecore.Commerce.Core","EntityTarget":"Entity-SellableItem-7042165"},"VariationId":"57042165","Quantity":10000,"InvoiceUnitPrice":{"$type":"Sitecore.Commerce.Core.Money, Sitecore.Commerce.Core","CurrencyCode":"USD","Amount":0.0},"DateCreated":"2019-05-16T14:09:35.5708674+00:00","DateUpdated":"2020-02-12T09:36:31.5675784+00:00","DisplayName":"Habitat_Inventory-7042165-57042165","FriendlyId":"Habitat_Inventory-7042165-57042165","Id":"Entity-InventoryInformation-Habitat_Inventory-7042165-57042165","Version":1,"EntityVersion":1,"Published":true,"IsPersisted":true,"Name":"Habitat_Inventory-7042165-57042165","UniqueId":"b948fbe7-70e5-4a3d-c216-81c88a63ae2a"},{"$type":"Sitecore.Commerce.Plugin.Inventory.InventoryInformation, Sitecore.Commerce.Plugin.Inventory","InventorySet":{"$type":"Sitecore.Commerce.Core.EntityReference, Sitecore.Commerce.Core","EntityTarget":"Entity-InventorySet-Habitat_Inventory"},"SellableItem":{"$type":"Sitecore.Commerce.Core.EntityReference, Sitecore.Commerce.Core","EntityTarget":"Entity-SellableItem-7042166"},"VariationId":"57042166","Quantity":10000,"InvoiceUnitPrice":{"$type":"Sitecore.Commerce.Core.Money, Sitecore.Commerce.Core","CurrencyCode":"USD","Amount":0.0},"DateCreated":"2019-05-16T14:09:35.5708674+00:00","DateUpdated":"2020-02-12T09:36:31.5834087+00:00","DisplayName":"Habitat_Inventory-7042166-57042166","FriendlyId":"Habitat_Inventory-7042166-57042166","Id":"Entity-InventoryInformation-Habitat_Inventory-7042166-57042166","Version":1,"EntityVersion":1,"Published":true,"IsPersisted":true,"Name":"Habitat_Inventory-7042166-57042166","UniqueId":"08c72190-bd62-ef40-ea41-cd9d7d4c7688"},{"$type":"Sitecore.Commerce.Plugin.Inventory.InventoryInformation, Sitecore.Commerce.Plugin.Inventory","InventorySet":{"$type":"Sitecore.Commerce.Core.EntityReference, Sitecore.Commerce.Core","EntityTarget":"Entity-InventorySet-Habitat_Inventory"},"SellableItem":{"$type":"Sitecore.Commerce.Core.EntityReference, Sitecore.Commerce.Core","EntityTarget":"Entity-SellableItem-7042167"},"VariationId":"57042167","Quantity":10000,"InvoiceUnitPrice":{"$type":"Sitecore.Commerce.Core.Money, Sitecore.Commerce.Core","CurrencyCode":"USD","Amount":0.0},"DateCreated":"2019-05-16T14:09:35.5708674+00:00","DateUpdated":"2020-02-12T09:36:31.5834087+00:00","DisplayName":"Habitat_Inventory-7042167-57042167","FriendlyId":"Habitat_Inventory-7042167-57042167","Id":"Entity-InventoryInformation-Habitat_Inventory-7042167-57042167","Version":1,"EntityVersion":1,"Published":true,"IsPersisted":true,"Name":"Habitat_Inventory-7042167-57042167","UniqueId":"45dd7a3f-40cf-f833-daff-04f79e4fdb61"},{"$type":"Sitecore.Commerce.Plugin.Inventory.InventoryInformation, Sitecore.Commerce.Plugin.Inventory","InventorySet":{"$type":"Sitecore.Commerce.Core.EntityReference, Sitecore.Commerce.Core","EntityTarget":"Entity-InventorySet-Habitat_Inventory"},"SellableItem":{"$type":"Sitecore.Commerce.Core.EntityReference, Sitecore.Commerce.Core","EntityTarget":"Entity-SellableItem-7042168"},"VariationId":"57042168","Quantity":10000,"InvoiceUnitPrice":{"$type":"Sitecore.Commerce.Core.Money, Sitecore.Commerce.Core","CurrencyCode":"USD","Amount":0.0},"DateCreated":"2019-05-16T14:09:35.5708674+00:00","DateUpdated":"2020-02-12T09:36:31.5834087+00:00","DisplayName":"Habitat_Inventory-7042168-57042168","FriendlyId":"Habitat_Inventory-7042168-57042168","Id":"Entity-InventoryInformation-Habitat_Inventory-7042168-57042168","Version":1,"EntityVersion":1,"Published":true,"IsPersisted":true,"Name":"Habitat_Inventory-7042168-57042168","UniqueId":"a46c2ae2-6dea-9eef-87b9-cfc906c2d556"},{"$type":"Sitecore.Commerce.Plugin.Inventory.InventoryInformation, Sitecore.Commerce.Plugin.Inventory","InventorySet":{"$type":"Sitecore.Commerce.Core.EntityReference, Sitecore.Commerce.Core","EntityTarget":"Entity-InventorySet-Habitat_Inventory"},"SellableItem":{"$type":"Sitecore.Commerce.Core.EntityReference, Sitecore.Commerce.Core","EntityTarget":"Entity-SellableItem-7042169"},"VariationId":"57042169","Quantity":10000,"InvoiceUnitPrice":{"$type":"Sitecore.Commerce.Core.Money, Sitecore.Commerce.Core","CurrencyCode":"USD","Amount":0.0},"DateCreated":"2019-05-16T14:09:35.5708674+00:00","DateUpdated":"2020-02-12T09:36:31.5834087+00:00","DisplayName":"Habitat_Inventory-7042169-57042169","FriendlyId":"Habitat_Inventory-7042169-57042169","Id":"Entity-InventoryInformation-Habitat_Inventory-7042169-57042169","Version":1,"EntityVersion":1,"Published":true,"IsPersisted":true,"Name":"Habitat_Inventory-7042169-57042169","UniqueId":"c8eb0fb8-c8c3-9403-6cf8-b53b61d0d85c"},{"$type":"Sitecore.Commerce.Plugin.Inventory.InventoryInformation, Sitecore.Commerce.Plugin.Inventory","InventorySet":{"$type":"Sitecore.Commerce.Core.EntityReference, Sitecore.Commerce.Core","EntityTarget":"Entity-InventorySet-Habitat_Inventory"},"SellableItem":{"$type":"Sitecore.Commerce.Core.EntityReference, Sitecore.Commerce.Core","EntityTarget":"Entity-SellableItem-7042169"},"VariationId":"57042170","Quantity":10000,"InvoiceUnitPrice":{"$type":"Sitecore.Commerce.Core.Money, Sitecore.Commerce.Core","CurrencyCode":"USD","Amount":0.0},"DateCreated":"2019-05-16T14:09:35.5708674+00:00","DateUpdated":"2020-02-12T09:36:31.5834087+00:00","DisplayName":"Habitat_Inventory-7042169-57042170","FriendlyId":"Habitat_Inventory-7042169-57042170","Id":"Entity-InventoryInformation-Habitat_Inventory-7042169-57042170","Version":1,"EntityVersion":1,"Published":true,"IsPersisted":true,"Name":"Habitat_Inventory-7042169-57042170","UniqueId":"dbb515fa-427f-f5ba-47bc-822aa08329f1"},{"$type":"Sitecore.Commerce.Plugin.Inventory.InventoryInformation, Sitecore.Commerce.Plugin.Inventory","InventorySet":{"$type":"Sitecore.Commerce.Core.EntityReference, Sitecore.Commerce.Core","EntityTarget":"Entity-InventorySet-Habitat_Inventory"},"SellableItem":{"$type":"Sitecore.Commerce.Core.EntityReference, Sitecore.Commerce.Core","EntityTarget":"Entity-SellableItem-7042169"},"VariationId":"57042171","Quantity":10000,"InvoiceUnitPrice":{"$type":"Sitecore.Commerce.Core.Money, Sitecore.Commerce.Core","CurrencyCode":"USD","Amount":0.0},"DateCreated":"2019-05-16T14:09:35.5708674+00:00","DateUpdated":"2020-02-12T09:36:31.5989518+00:00","DisplayName":"Habitat_Inventory-7042169-57042171","FriendlyId":"Habitat_Inventory-7042169-57042171","Id":"Entity-InventoryInformation-Habitat_Inventory-7042169-57042171","Version":1,"EntityVersion":1,"Published":true,"IsPersisted":true,"Name":"Habitat_Inventory-7042169-57042171","UniqueId":"e4aa9605-a96c-3a30-36e8-82582b8a8886"},{"$type":"Sitecore.Commerce.Plugin.Inventory.InventoryInformation, Sitecore.Commerce.Plugin.Inventory","InventorySet":{"$type":"Sitecore.Commerce.Core.EntityReference, Sitecore.Commerce.Core","EntityTarget":"Entity-InventorySet-Habitat_Inventory"},"SellableItem":{"$type":"Sitecore.Commerce.Core.EntityReference, Sitecore.Commerce.Core","EntityTarget":"Entity-SellableItem-7042169"},"VariationId":"57042172","Quantity":10000,"InvoiceUnitPrice":{"$type":"Sitecore.Commerce.Core.Money, Sitecore.Commerce.Core","CurrencyCode":"USD","Amount":0.0},"DateCreated":"2019-05-16T14:09:35.5708674+00:00","DateUpdated":"2020-02-12T09:36:31.5989518+00:00","DisplayName":"Habitat_Inventory-7042169-57042172","FriendlyId":"Habitat_Inventory-7042169-57042172","Id":"Entity-InventoryInformation-Habitat_Inventory-7042169-57042172","Version":1,"EntityVersion":1,"Published":true,"IsPersisted":true,"Name":"Habitat_Inventory-7042169-57042172","UniqueId":"762006c6-e104-061d-2d5a-ae63c8b49747"},{"$type":"Sitecore.Commerce.Plugin.Inventory.InventoryInformation, Sitecore.Commerce.Plugin.Inventory","InventorySet":{"$type":"Sitecore.Commerce.Core.EntityReference, Sitecore.Commerce.Core","EntityTarget":"Entity-InventorySet-Habitat_Inventory"},"SellableItem":{"$type":"Sitecore.Commerce.Core.EntityReference, Sitecore.Commerce.Core","EntityTarget":"Entity-SellableItem-7042169"},"VariationId":"57042173","Quantity":10000,"InvoiceUnitPrice":{"$type":"Sitecore.Commerce.Core.Money, Sitecore.Commerce.Core","CurrencyCode":"USD","Amount":0.0},"DateCreated":"2019-05-16T14:09:35.5708674+00:00","DateUpdated":"2020-02-12T09:36:31.5989518+00:00","DisplayName":"Habitat_Inventory-7042169-57042173","FriendlyId":"Habitat_Inventory-7042169-57042173","Id":"Entity-InventoryInformation-Habitat_Inventory-7042169-57042173","Version":1,"EntityVersion":1,"Published":true,"IsPersisted":true,"Name":"Habitat_Inventory-7042169-57042173","UniqueId":"5e81f1a6-4bb4-3f14-4a06-488f3f3da80c"},{"$type":"Sitecore.Commerce.Plugin.Inventory.InventoryInformation, Sitecore.Commerce.Plugin.Inventory","InventorySet":{"$type":"Sitecore.Commerce.Core.EntityReference, Sitecore.Commerce.Core","EntityTarget":"Entity-InventorySet-Habitat_Inventory"},"SellableItem":{"$type":"Sitecore.Commerce.Core.EntityReference, Sitecore.Commerce.Core","EntityTarget":"Entity-SellableItem-7042169"},"VariationId":"57042174","Quantity":10000,"InvoiceUnitPrice":{"$type":"Sitecore.Commerce.Core.Money, Sitecore.Commerce.Core","CurrencyCode":"USD","Amount":0.0},"DateCreated":"2019-05-16T14:09:35.5708674+00:00","DateUpdated":"2020-02-12T09:36:31.5989518+00:00","DisplayName":"Habitat_Inventory-7042169-57042174","FriendlyId":"Habitat_Inventory-7042169-57042174","Id":"Entity-InventoryInformation-Habitat_Inventory-7042169-57042174","Version":1,"EntityVersion":1,"Published":true,"IsPersisted":true,"Name":"Habitat_Inventory-7042169-57042174","UniqueId":"75aea2af-3b9b-d22c-5284-f4ce34ab0e65"},{"$type":"Sitecore.Commerce.Plugin.Inventory.InventoryInformation, Sitecore.Commerce.Plugin.Inventory","InventorySet":{"$type":"Sitecore.Commerce.Core.EntityReference, Sitecore.Commerce.Core","EntityTarget":"Entity-InventorySet-Habitat_Inventory"},"SellableItem":{"$type":"Sitecore.Commerce.Core.EntityReference, Sitecore.Commerce.Core","EntityTarget":"Entity-SellableItem-7042257"},"VariationId":"57042257","Quantity":10000,"InvoiceUnitPrice":{"$type":"Sitecore.Commerce.Core.Money, Sitecore.Commerce.Core","CurrencyCode":"USD","Amount":0.0},"DateCreated":"2019-05-16T14:09:35.5738676+00:00","DateUpdated":"2020-02-12T09:36:31.8176243+00:00","DisplayName":"Habitat_Inventory-7042257-57042257","FriendlyId":"Habitat_Inventory-7042257-57042257","Id":"Entity-InventoryInformation-Habitat_Inventory-7042257-57042257","Version":1,"EntityVersion":1,"Published":true,"IsPersisted":true,"Name":"Habitat_Inventory-7042257-57042257","UniqueId":"afbb5227-ed48-4f0d-6d0f-5b87cc0b701e"},{"$type":"Sitecore.Commerce.Plugin.Inventory.InventoryInformation, Sitecore.Commerce.Plugin.Inventory","InventorySet":{"$type":"Sitecore.Commerce.Core.EntityReference, Sitecore.Commerce.Core","EntityTarget":"Entity-InventorySet-Habitat_Inventory"},"SellableItem":{"$type":"Sitecore.Commerce.Core.EntityReference, Sitecore.Commerce.Core","EntityTarget":"Entity-SellableItem-7042258"},"VariationId":"57042258","Quantity":10000,"InvoiceUnitPrice":{"$type":"Sitecore.Commerce.Core.Money, Sitecore.Commerce.Core","CurrencyCode":"USD","Amount":0.0},"DateCreated":"2019-05-16T14:09:35.5738676+00:00","DateUpdated":"2020-02-12T09:36:31.8176243+00:00","DisplayName":"Habitat_Inventory-7042258-57042258","FriendlyId":"Habitat_Inventory-7042258-57042258","Id":"Entity-InventoryInformation-Habitat_Inventory-7042258-57042258","Version":1,"EntityVersion":1,"Published":true,"IsPersisted":true,"Name":"Habitat_Inventory-7042258-57042258","UniqueId":"5743c1ac-c2e4-ce40-f8df-5e78cf6f3411"},{"$type":"Sitecore.Commerce.Plugin.Inventory.InventoryInformation, Sitecore.Commerce.Plugin.Inventory","InventorySet":{"$type":"Sitecore.Commerce.Core.EntityReference, Sitecore.Commerce.Core","EntityTarget":"Entity-InventorySet-Habitat_Inventory"},"SellableItem":{"$type":"Sitecore.Commerce.Core.EntityReference, Sitecore.Commerce.Core","EntityTarget":"Entity-SellableItem-7042259"},"VariationId":"57042259","Quantity":10000,"InvoiceUnitPrice":{"$type":"Sitecore.Commerce.Core.Money, Sitecore.Commerce.Core","CurrencyCode":"USD","Amount":0.0},"DateCreated":"2019-05-16T14:09:35.5738676+00:00","DateUpdated":"2020-02-12T09:36:31.8176243+00:00","DisplayName":"Habitat_Inventory-7042259-57042259","FriendlyId":"Habitat_Inventory-7042259-57042259","Id":"Entity-InventoryInformation-Habitat_Inventory-7042259-57042259","Version":1,"EntityVersion":1,"Published":true,"IsPersisted":true,"Name":"Habitat_Inventory-7042259-57042259","UniqueId":"364e0e32-c738-1bfa-bef5-28eeb8251918"}]}