{"$type":"System.Collections.Generic.List`1[[Sitecore.Commerce.Plugin.Inventory.InventorySet, Sitecore.Commerce.Plugin.Inventory]], mscorlib","$values":[{"$type":"Sitecore.Commerce.Plugin.Inventory.InventorySet, Sitecore.Commerce.Plugin.Inventory","Description":"Inventory Catalog for Habitat_Master","DateCreated":"2019-05-16T14:09:35.5328714+00:00","DateUpdated":"2020-02-12T09:36:29.25502+00:00","DisplayName":"Habitat_Inventory","FriendlyId":"Habitat_Inventory","Id":"Entity-InventorySet-Habitat_Inventory","Version":1,"EntityVersion":1,"Published":true,"IsPersisted":true,"Name":"Habitat_Inventory","UniqueId":"50ac9a73-8e7c-acc3-839b-887fbc9130c9"}]}